No.,問題名,難易度,問題リンク
001,Yokan Party,4,https://atcoder.jp/contests/typical90/tasks/typical90_a
002,Encyclopedia of Parentheses,3,https://atcoder.jp/contests/typical90/tasks/typical90_b
003,Longest Circular Road,4,https://atcoder.jp/contests/typical90/tasks/typical90_c
004,Cross Sum,2,https://atcoder.jp/contests/typical90/tasks/typical90_d
005,Restricted Digits,7,https://atcoder.jp/contests/typical90/tasks/typical90_e
006,Smallest Subsequence,5,https://atcoder.jp/contests/typical90/tasks/typical90_f
007,CP Classes,3,https://atcoder.jp/contests/typical90/tasks/typical90_g
008,AtCounter,4,https://atcoder.jp/contests/typical90/tasks/typical90_h
009,Three Point Angle,6,https://atcoder.jp/contests/typical90/tasks/typical90_i
010,Score Sum Queries,2,https://atcoder.jp/contests/typical90/tasks/typical90_j
011,Gravy Jobs,6,https://atcoder.jp/contests/typical90/tasks/typical90_k
012,Red Painting,4,https://atcoder.jp/contests/typical90/tasks/typical90_l
013,Passing,5,https://atcoder.jp/contests/typical90/tasks/typical90_m
014,We Used to Sing a Song Together,3,https://atcoder.jp/contests/typical90/tasks/typical90_n
015,Don't be too close,6,https://atcoder.jp/contests/typical90/tasks/typical90_o
016,Minimum Coins,3,https://atcoder.jp/contests/typical90/tasks/typical90_p
017,Crossing Segments,7,https://atcoder.jp/contests/typical90/tasks/typical90_q
018,Statue of Chokudai,3,https://atcoder.jp/contests/typical90/tasks/typical90_r
019,Pick Two,6,https://atcoder.jp/contests/typical90/tasks/typical90_s
020,Log Inequality,3,https://atcoder.jp/contests/typical90/tasks/typical90_t
021,Come Back in One Piece,5,https://atcoder.jp/contests/typical90/tasks/typical90_u
022,Cubic Cake,2,https://atcoder.jp/contests/typical90/tasks/typical90_v
023,Avoid War,7,https://atcoder.jp/contests/typical90/tasks/typical90_w
024,Select +／- One,2,https://atcoder.jp/contests/typical90/tasks/typical90_x
025,Digit Product Equation,7,https://atcoder.jp/contests/typical90/tasks/typical90_y
026,Independent Set on a Tree,4,https://atcoder.jp/contests/typical90/tasks/typical90_z
027,Sign Up Requests ,2,https://atcoder.jp/contests/typical90/tasks/typical90_aa
028,Cluttered Paper,4,https://atcoder.jp/contests/typical90/tasks/typical90_ab
029,Long Bricks,5,https://atcoder.jp/contests/typical90/tasks/typical90_ac
030,K Factors,5,https://atcoder.jp/contests/typical90/tasks/typical90_ad
031,VS AtCoder,6,https://atcoder.jp/contests/typical90/tasks/typical90_ae
032,AtCoder Ekiden,3,https://atcoder.jp/contests/typical90/tasks/typical90_af
033,Not Too Bright,2,https://atcoder.jp/contests/typical90/tasks/typical90_ag
034,There are few types of elements,4,https://atcoder.jp/contests/typical90/tasks/typical90_ah
035,Preserve Connectivity,7,https://atcoder.jp/contests/typical90/tasks/typical90_ai
036,Max Manhattan Distance,5,https://atcoder.jp/contests/typical90/tasks/typical90_aj
037,Don't Leave the Spice,5,https://atcoder.jp/contests/typical90/tasks/typical90_ak
038,Large LCM,3,https://atcoder.jp/contests/typical90/tasks/typical90_al
039,Tree Distance,5,https://atcoder.jp/contests/typical90/tasks/typical90_am
040,Get More Money,7,https://atcoder.jp/contests/typical90/tasks/typical90_an
041,Piles in AtCoder Farm,7,https://atcoder.jp/contests/typical90/tasks/typical90_ao
042,Multiple of 9,4,https://atcoder.jp/contests/typical90/tasks/typical90_ap
043,Maze Challenge with Lack of Sleep,4,https://atcoder.jp/contests/typical90/tasks/typical90_aq
044,Shift and Swapping,3,https://atcoder.jp/contests/typical90/tasks/typical90_ar
045,Simple Grouping,6,https://atcoder.jp/contests/typical90/tasks/typical90_as
046,I Love 46,3,https://atcoder.jp/contests/typical90/tasks/typical90_at
047,Monochromatic Diagonal,7,https://atcoder.jp/contests/typical90/tasks/typical90_au
048,I will not drop out,3,https://atcoder.jp/contests/typical90/tasks/typical90_av
049,Flip Digits 2,6,https://atcoder.jp/contests/typical90/tasks/typical90_aw
050,Stair Jump,3,https://atcoder.jp/contests/typical90/tasks/typical90_ax
051,Typical Shop,5,https://atcoder.jp/contests/typical90/tasks/typical90_ay
052,Dice Product,3,https://atcoder.jp/contests/typical90/tasks/typical90_az
053,Discrete Dowsing,7,https://atcoder.jp/contests/typical90/tasks/typical90_ba
054,Takahashi Number,6,https://atcoder.jp/contests/typical90/tasks/typical90_bb
055,Select 5,2,https://atcoder.jp/contests/typical90/tasks/typical90_bc
056,Lucky Bag,5,https://atcoder.jp/contests/typical90/tasks/typical90_bd
057,Flip Flap,6,https://atcoder.jp/contests/typical90/tasks/typical90_be
058,Original Calculator,4,https://atcoder.jp/contests/typical90/tasks/typical90_bf
059,Many Graph Queries,7,https://atcoder.jp/contests/typical90/tasks/typical90_bg
060,Chimera,5,https://atcoder.jp/contests/typical90/tasks/typical90_bh
061,Deck,2,https://atcoder.jp/contests/typical90/tasks/typical90_bi
062,Paint All,6,https://atcoder.jp/contests/typical90/tasks/typical90_bj
063,Monochromatic Subgrid,4,https://atcoder.jp/contests/typical90/tasks/typical90_bk
064,Uplift,3,https://atcoder.jp/contests/typical90/tasks/typical90_bl
065,RGB Balls 2,7,https://atcoder.jp/contests/typical90/tasks/typical90_bm
066,Various Arrays,5,https://atcoder.jp/contests/typical90/tasks/typical90_bn
067,Base 8 to 9,2,https://atcoder.jp/contests/typical90/tasks/typical90_bo
068,Paired Information,5,https://atcoder.jp/contests/typical90/tasks/typical90_bp
069,Colorful Blocks 2,3,https://atcoder.jp/contests/typical90/tasks/typical90_bq
070,Plant Planning,4,https://atcoder.jp/contests/typical90/tasks/typical90_br
071,Fuzzy Priority,7,https://atcoder.jp/contests/typical90/tasks/typical90_bs
072,Loop Railway Plan,4,https://atcoder.jp/contests/typical90/tasks/typical90_bt
073,We Need Both a and b,5,https://atcoder.jp/contests/typical90/tasks/typical90_bu
074,ABC String 2,6,https://atcoder.jp/contests/typical90/tasks/typical90_bv
075,Magic For Balls,3,https://atcoder.jp/contests/typical90/tasks/typical90_bw
076,Cake Cut,3,https://atcoder.jp/contests/typical90/tasks/typical90_bx
077,Planes on a 2D Plane,7,https://atcoder.jp/contests/typical90/tasks/typical90_by
078,Easy Graph Problem,2,https://atcoder.jp/contests/typical90/tasks/typical90_bz
079,Two by Two,3,https://atcoder.jp/contests/typical90/tasks/typical90_ca
080,Let's Share Bit,6,https://atcoder.jp/contests/typical90/tasks/typical90_cb
081,Friendly Group,5,https://atcoder.jp/contests/typical90/tasks/typical90_cc
082,Counting Numbers,3,https://atcoder.jp/contests/typical90/tasks/typical90_cd
083,Colorful Graph,6,https://atcoder.jp/contests/typical90/tasks/typical90_ce
084,There are two types of characters,3,https://atcoder.jp/contests/typical90/tasks/typical90_cf
085,Multiplication 085,4,https://atcoder.jp/contests/typical90/tasks/typical90_cg
086,Snuke's Favorite Arrays,5,https://atcoder.jp/contests/typical90/tasks/typical90_ch
087,Chokudai's Demand,5,https://atcoder.jp/contests/typical90/tasks/typical90_ci
088,Similar but Different Ways,6,https://atcoder.jp/contests/typical90/tasks/typical90_cj
089,Partitions and Inversions,7,https://atcoder.jp/contests/typical90/tasks/typical90_ck
090,Tenkei90's Last Problem,7,https://atcoder.jp/contests/typical90/tasks/typical90_cl
